@rocio250501|rociocosta250501@gmail.com:rociocc|False
meli1532|melissa.rivera1118@gmail.com:claribel1|False
ienvy1|nhawkins9022@gmail.com:Tigger0513!|True
nanwaa|meryam.nanwa@gmail.com:alhamdolillah|False
isabellaa.png|annielover7@yahoo.com:Daddy119|False
mckenziehanner1|hannermckenzie@gmail.com:macandcheese01|True
invisiblecam1|invisiblecam101@gmail.com:575463kofi|False
katie_wp9|katiecraven99@yahoo.com:Kmc2Kmc2|True
stubbornassaide|aidehernandez20@yahoo.com:aidelove20|False
brennaroselynn|gungho8976@gmail.com:nothing12|False
xxhijolunaxx|XxHijoLunaxX@gmail.com:truckers|False
hallie.pulotu|hallieberrypunk@gmail.com:marleeaxel|True
_lucieguerin_|guerinlucie26@gmail.com:peyrins26380|True
pau818|torres_alcorcon@hotmail.com:pinchito|False
harry130800|harry130800@hotmail.com:Monsters12|False
drummer__teen|captainNax12@gmail.com:Jackson2213|False
iqranessax|iqra.nessa@hotmail.co.uk:amelia12|False
kanyisanneh1972|fatoumatakanyi@yahoo.com:kanyisanneh1972|False
moshinhia|moira.heierli@hotmail.com:Nicola12|False
embethicc|emberrosebroomfield@gmail.com:Emberrose1|True
alvaro2008_10|ismaelgmgv@gmail.com:garcia66|True
lukepayne48|lukepay11@gmail.com:Joehart1!|False
nyakuich|nyakuich223@gmail.com:Nyakuich123|True
caydengunter|caydengunter@gmail.com:roxanne513|True
emmmaaaa09999|bevinsbreanna@yahoo.com:gillie75|False
caseypirtle|caseypirtle@gmail.com:Web6Pro9|True
tanielwhite|tanielwhite@icloud.com:sourskittles|False
brianmahoneyofficial|gm_mustard@yahoo.com:Allison97|False
playerxdeoliveira16|moredoc2@gmail.com:david162003|False
nishthamehrax|mehra.nishtha@rocketmail.com:starprincess|False
arianna.neve|neve.arianna@gmail.com:veterinario|False
hewittc11311|hewittc113@yahoo.com:Babyjoker420|False
imfkdupp|samanthacole000@gmail.com:66Howlett|False
tronsennemma|ektronsen@gmail.com:25Merkur02|False
mayy25|mayrajgossett@icloud.com:gossett|False
user024133969|joslyn_hiccup@hotmail.com:Joslyn08|False
user2077076|kassidy.barker@hotmail.com:soccer27|False
mckenna138|urwilerm@aol.com:mckenna33|False
anterder_blade|moka_akasy_98@mail.ru:haruhi98|False
caitttlyn|alexjindo2@hotmail.com:1233214|False
georgia_nk|georgia.nika10@gmail.com:abc123love|False
its.adi|adiana18@icloud.com:Watters01|False
user709239396|haidynwiley@yahoo.com:Volleyball4life|False
maria.rejo|maria.rejo.lopez@gmail.com:perroygato|False
djjuelz203|djjuelz203@gmail.com:cripman1|False
blinvi89|blinvi89@yahoo.com:sprite8889|True
bella_wood96|elliehackney@hotmail.com:ellie263|False
lexieiswithyou|alubianet0001@gmail.com:Lexieann624|True
mymessymindv|bridgeofbrokenstars@gmail.com:1dloveniall|True
thisisnessaspage|vdockery.2003@gmail.com:vanessa123|True
revortosa|kitameesta@hotmail.com:Zorra90|False
itsbriannalancer|itsbriannalancer@gmail.com:ballfoot11|True
jd.s|jdsalazar5461@yahoo.com:5461nito|False
gä.bÿ|gabriellehiestand@icloud.com:Msjewell2003|False
walirezaq|wali2000@live.se:newyork1|False
macken_tosh|danamacken@gmail.com:itloith00|True
erin22701|erin.dalton227@gmail.com:Dalton01|False
si26|ceeceesumpter@icloud.com:lovebug26|False
abrockington96|abrockington96@gmail.com:Angelica96|False
nimisha545|nimisha0545@gmail.com:camera123|False
userc54wydyw5p|romeo.francheteau44@gmail.com:Romeo2001|False
anna_sherman|anna.sherman2001@gmail.com:annarose1|False
fabulous_2|janicedesantos87@gmail.com:janice123|False
kiyanna1312|kiyanna@live.co.uk:kenley123|False
giseller112|giselleramirez109@gmail.com:ramirez1|True
hockeyxsniper|tyler79hockey@gmail.com:79Hockey1|False
rthomas|raynathomas0420@gmail.com:Poncho42|False
vir16sierr|vir16sierr09@gmail.com:virginiasierra1609|False
dargosmc|vincent.bergagnini@gmail.com:bgisa3422|False
mercomix|j99j55@gmail.com:jj992003|False
sarahbotts|drewbottsfamily@gmail.com:tw1nk1ds|True
b_rayyyy21|maddisonspice@gmail.com:Spice4321|False
samm50|jharrison2495@yahoo.com:shakaz24|False
francine0975|francinejackson745@gmail.com:lovelove14|False
arash2079|arash2079@yahoo.com:arbire2079|False
bviishxt|alinashiny@hotmail.de:Mister2|False
lisag2202|lisagorman07@hotmail.com:Mickey01|False
chaitanya__|ruhisingh002@gmail.com:avtarsingh|False
artiesmith|artiesmith4@gmail.com:Artie921|False
fab_gab88|gl8778@yahoo.com:lamby87|False
dododgreat|ladydem20@gmail.com:stefanigermanotta|False
tbriscoe2001|tbriscoe2001@gmail.com:Briscoe80|True
merrymanaswinee|merrypradhan2050@gmail.com:sairam1234|False
sami_simmons|kershna2025@gmail.com:sammy11|True
gypsg|gypsg@earthlink.net:Anthony729|False
slut4bajablast|addien1212@yahoo.com:addien121202|True
sophie.cotner|sophiecotner@yahoo.com:caroline10|False
hunter._58|dhunter5870@gmail.com:Malibu123|True
dayonnabackup|vmalker4@icloud.com:dayonnaa|False
alisher_renatov|alex_vio_kz@mail.ru:alex1947|False
olivialowe09|m.lowe548@btinternet.com:Gracie123|False
imogenwood1|imogen.wood01@hotmail.co.uk:imogen01|False
user403151313|kayymaariee@icloud.com:lakiyah11|False
user050668977|camilinhamspereira@gmail.com:marcella07|False
savannahjordan55|savannahjordan55@icloud.com:Savannahjordan55|False
kalwhiteside|m-o-w@live.com:Tana081812|False
laurwxo|lauraw.23.lw@gmail.com:cheese01|False
emilymac09|sarahateley@hotmail.com:060911Sept|False
maithaupo|maithaupo@gmail.com:maitha133col|True
jesswillmette|jwillmette@yahoo.com.au:nicola|False